{
    "CSV": {
        "Source": {
            "Mean": 37935.53611111111,
            "Median": 37936.0,
            "Mode": [
                37890
            ],
            "Standard Deviation": 51.071077526960195,
            "Variance": 2608.2549597647785,
            "Skewness": -0.002844410680282553,
            "Kurtosis": -1.2812940919863267,
            "Min": "37849",
            "Max": "38022",
            "25th Percentile": 37890.0,
            "50th Percentile": 37936.0,
            "75th Percentile": 37981.0,
            "Count": "360",
            "Missing Values": "0"
        },
        "Target": {
            "Mean": 37942.64166666667,
            "Median": 37940.5,
            "Mode": [
                37906
            ],
            "Standard Deviation": 48.75230942319254,
            "Variance": 2376.787674094708,
            "Skewness": -0.12458116827404102,
            "Kurtosis": -1.203122855350522,
            "Min": "37849",
            "Max": "38022",
            "25th Percentile": 37904.0,
            "50th Percentile": 37940.5,
            "75th Percentile": 37989.0,
            "Count": "360",
            "Missing Values": "0"
        }
    }
}